log_id,ts,actor_type,actor_id,action,entity_type,entity_id,before_state,after_state,source_ip,request_id
1,2026-04-20T23:00:35+09:00,USER,actor-13,APPROVE,books,61fb054b-3cbb-42a1-bdf4-a3f8a0da6cf3,"{""v"": 1}","{""v"": 2}",10.0.252.45,c3c86855-432b-4c0f-aea9-3594dc12a0aa
2,2026-04-24T07:22:35+09:00,LAMBDA,actor-11,ADJUST,users,0030fef4-6547-4a62-8506-11011cc3a228,"{""v"": 1}","{""v"": 2}",10.0.59.45,e0add36f-c3ee-4f8b-85d7-3e6305320fd8
3,2026-04-25T05:19:35+09:00,LAMBDA,actor-5,ADJUST,pending_orders,629fabdd-aa49-4b1c-ab0c-0d0085333735,"{""v"": 1}","{""v"": 2}",10.0.118.238,d924d45a-76cc-4392-819e-db9f203cdae1
4,2026-04-25T23:37:35+09:00,SYSTEM,actor-20,INSERT,inventory,4abb6c43-b27a-4429-90ad-bf34699b8089,"{""v"": 1}","{""v"": 2}",10.0.128.29,37db29cd-1d0a-45d2-9ee3-6583dc84d0db
5,2026-05-01T11:28:35+09:00,CRONJOB,actor-6,UPDATE,books,6d52be02-95df-41b7-bc1a-3106a51e4b20,"{""v"": 1}","{""v"": 2}",10.0.223.240,d4b0f9c6-c1d2-4f41-bbfe-63b950cba1b4
6,2026-04-20T23:48:35+09:00,USER,actor-12,ADJUST,returns,e2e1e5e2-3533-4fe9-ab24-2927b6088e41,"{""v"": 1}","{""v"": 2}",10.0.134.86,6295e53a-103b-4422-9398-4ba544ba0389
7,2026-05-01T11:38:35+09:00,LAMBDA,actor-7,AUTO_ORDER,inventory,98b4f53b-e17b-460d-941c-ac13b6512d51,"{""v"": 1}","{""v"": 2}",10.0.47.129,24fba5e2-f5eb-43d7-a4bb-6a0ad564d9d9
8,2026-04-24T05:06:35+09:00,USER,actor-9,CANCEL,users,59c78d18-a338-48ef-8970-41a2ac23784a,"{""v"": 1}","{""v"": 2}",10.0.54.40,8c61bb78-70be-4852-ad55-f2a80d527bd1
9,2026-04-22T13:05:35+09:00,CRONJOB,actor-17,RESERVE,pending_orders,9366c52c-d35d-4dc1-bd53-e77ac34c4e74,"{""v"": 1}","{""v"": 2}",10.0.114.100,116742e7-f4e1-44b3-a693-a3ae3516a7dd
10,2026-04-30T18:14:35+09:00,SYSTEM,actor-13,APPROVE,returns,f5e77a1d-df0f-41e2-b892-269cbc6e48d0,"{""v"": 1}","{""v"": 2}",10.0.247.200,5483463f-aa28-4053-89da-0fb1682ce474
11,2026-04-30T17:14:35+09:00,USER,actor-1,CANCEL,books,de802793-85d6-4be4-b12f-cc1243379932,"{""v"": 1}","{""v"": 2}",10.0.91.196,3f69cb5b-6cbf-4b8e-85b6-271674df4ca7
12,2026-04-24T00:53:35+09:00,LAMBDA,actor-4,AUTO_ORDER,pending_orders,b5a46e87-89d6-4dbf-8519-8f998959ce89,"{""v"": 1}","{""v"": 2}",10.0.66.19,63811a5f-d6d1-4d92-8aa9-0d083400532a
13,2026-04-19T13:25:35+09:00,USER,actor-7,REJECT,inventory,f4fe81b8-4303-4e58-9ee6-3ef3d81aef4a,"{""v"": 1}","{""v"": 2}",10.0.42.121,09d04e9a-d3ab-439a-b9b2-4961e841d52d
14,2026-04-22T10:33:35+09:00,CRONJOB,actor-16,UPDATE,pending_orders,4298bda0-d461-47b3-a221-ece8ede55f2d,"{""v"": 1}","{""v"": 2}",10.0.245.5,e9897fe1-7455-432e-9a35-1755bd79d589
15,2026-04-23T08:21:35+09:00,USER,actor-20,INSERT,users,5340ab22-8c41-40ae-b904-04fa8f90544f,"{""v"": 1}","{""v"": 2}",10.0.235.9,a48ef67a-41ef-4c67-9050-a6fdabb03410
16,2026-04-23T10:13:35+09:00,LAMBDA,actor-13,AUTO_ORDER,books,33229ae2-195b-4687-9019-38f3900e2eb7,"{""v"": 1}","{""v"": 2}",10.0.110.220,cafe6aff-755f-4fb9-8eb5-98bc803a826c
17,2026-04-30T03:30:35+09:00,CRONJOB,actor-13,RESERVE,pending_orders,a72124fd-17bb-4a71-97a1-eb1d4e33330c,"{""v"": 1}","{""v"": 2}",10.0.53.243,2b99fbd3-0091-4ac2-b2e2-fd886099153e
18,2026-04-18T14:47:35+09:00,USER,actor-10,UPDATE,inventory,99e4af4b-14ef-4bb3-8649-9e30d98b7905,"{""v"": 1}","{""v"": 2}",10.0.35.237,633847e5-eb7c-4506-bd2a-51b42d556be9
19,2026-04-25T06:22:35+09:00,SYSTEM,actor-15,ADJUST,returns,66934b0c-89ed-4739-a355-03e11fea6793,"{""v"": 1}","{""v"": 2}",10.0.204.79,31794afb-9623-4014-b904-656bec5c751a
20,2026-04-23T00:01:35+09:00,USER,actor-19,INSERT,books,5e8fc1d9-58bb-4dbe-9973-f50938b063f7,"{""v"": 1}","{""v"": 2}",10.0.238.170,bf644023-8d7e-42a0-8807-41400faa5873
21,2026-04-23T16:00:35+09:00,SYSTEM,actor-6,UPDATE,users,17477a49-9a20-46c2-9594-3f1afd887b56,"{""v"": 1}","{""v"": 2}",10.0.103.2,d86909bd-7859-4e19-a4d1-707dfb1075b1
22,2026-04-23T01:00:35+09:00,LAMBDA,actor-15,AUTO_ORDER,inventory,293316c4-078e-48a7-b873-9a48bfbd7a34,"{""v"": 1}","{""v"": 2}",10.0.107.117,647a9ab3-8e40-4974-b4e3-fa3a19af746e
23,2026-04-21T16:24:35+09:00,USER,actor-15,AUTO_ORDER,users,f561c582-0c7b-4b31-ae74-c7b025c4ffab,"{""v"": 1}","{""v"": 2}",10.0.21.120,1e04abdb-df59-4843-a88e-d3e67924f154
24,2026-04-20T03:46:35+09:00,USER,actor-17,INSERT,books,7b760764-0f91-471d-ab64-7dad8d09fe7c,"{""v"": 1}","{""v"": 2}",10.0.61.108,f1c88c89-6516-49f7-8088-406a3a2ea9f4
25,2026-05-01T05:22:35+09:00,SYSTEM,actor-7,CANCEL,books,1b641b17-6e8c-4ec7-ab74-57ac5d4a1c71,"{""v"": 1}","{""v"": 2}",10.0.21.180,c541efae-9b7b-4d15-b5c5-fae1d5055b45
26,2026-04-27T10:28:35+09:00,CRONJOB,actor-6,REJECT,users,fcd8ce9c-e0b8-4b33-a66f-42dace3a6c11,"{""v"": 1}","{""v"": 2}",10.0.74.37,be9241fc-650f-4447-b56c-5895974ec8c4
27,2026-04-20T10:15:35+09:00,CRONJOB,actor-6,INSERT,returns,ec6188e3-3760-4e00-9040-e38cb1ef0754,"{""v"": 1}","{""v"": 2}",10.0.57.2,4f5d1616-26e7-4caa-8f48-04d8a78d823f
28,2026-04-21T10:37:35+09:00,USER,actor-16,UPDATE,returns,727e487a-88ac-4594-8c2b-8b6208b617a7,"{""v"": 1}","{""v"": 2}",10.0.136.213,9a27e407-5f46-4888-944f-c7fef5df5260
29,2026-05-01T05:20:35+09:00,USER,actor-6,AUTO_ORDER,inventory,4998f6b7-9b7c-4b07-ba3e-6f970dd09aa8,"{""v"": 1}","{""v"": 2}",10.0.221.57,d5a4cd6f-69c1-403d-8d98-77adbf248e9c
30,2026-04-20T15:52:35+09:00,LAMBDA,actor-6,CANCEL,users,a98c3da0-07dc-4ac3-971a-e2bd08431a60,"{""v"": 1}","{""v"": 2}",10.0.134.37,a5be8bfb-b47b-44b0-9988-ae0c33da0aaa
31,2026-04-21T21:12:35+09:00,LAMBDA,actor-1,CANCEL,returns,1baf83f7-6c02-4d1a-b5a0-74e5aa76536f,"{""v"": 1}","{""v"": 2}",10.0.77.215,08e0cb13-d234-4716-afb6-ffbac925df69
32,2026-04-26T17:09:35+09:00,LAMBDA,actor-14,ADJUST,pending_orders,3dc856f5-525b-4642-9f9e-5299326afe4c,"{""v"": 1}","{""v"": 2}",10.0.238.238,d5ac8d1d-8b73-442d-a8a8-fc42af4f97f1
33,2026-04-26T13:28:35+09:00,LAMBDA,actor-15,ADJUST,returns,5f4b1633-7685-4fb1-b3e0-8093b27dc59f,"{""v"": 1}","{""v"": 2}",10.0.27.60,2419c62b-0b7c-49ef-91d6-efccaaa0dd2c
34,2026-04-24T00:21:35+09:00,USER,actor-7,INSERT,books,bbad9f56-8e81-4658-a83d-4f9e10dee113,"{""v"": 1}","{""v"": 2}",10.0.228.189,97fdc686-62a5-459d-a26d-c0712c5ed480
35,2026-04-26T11:51:35+09:00,USER,actor-15,CANCEL,users,d530fdbb-c9e3-492b-9b94-2643e35f03b3,"{""v"": 1}","{""v"": 2}",10.0.212.236,a1b73d5d-4881-4af4-bb14-b393a1b5709c
36,2026-04-22T05:53:35+09:00,USER,actor-4,RESERVE,inventory,5b0ef07d-0461-456b-acbb-b268ac4c74c1,"{""v"": 1}","{""v"": 2}",10.0.44.127,92fa7f26-fe36-4b30-839d-f7b19211feaa
37,2026-04-26T23:10:35+09:00,CRONJOB,actor-16,REJECT,users,89312adf-a9a2-477c-9abd-d418d2d64ffb,"{""v"": 1}","{""v"": 2}",10.0.189.250,d136f918-917e-4bfc-bea8-29ac52873476
38,2026-05-01T09:42:35+09:00,SYSTEM,actor-2,AUTO_ORDER,returns,722b1451-15a6-4a1b-a166-187f2911d9f8,"{""v"": 1}","{""v"": 2}",10.0.153.118,a788f223-a143-498d-81f5-17204bed4510
39,2026-04-19T18:53:35+09:00,SYSTEM,actor-12,ADJUST,inventory,b9b5d5ea-7e6b-4be5-b85c-09e70bfa35cb,"{""v"": 1}","{""v"": 2}",10.0.104.39,e30c4920-78fd-4c24-8656-d26458b2910b
40,2026-04-27T21:11:35+09:00,LAMBDA,actor-8,REJECT,inventory,42624b42-22d5-499a-8568-082d3dc666f0,"{""v"": 1}","{""v"": 2}",10.0.132.31,c3beaa34-c927-406e-aff3-73ee66e99e5b
41,2026-04-25T00:26:35+09:00,CRONJOB,actor-7,APPROVE,returns,b63ac68b-9be8-42bb-b97b-9a400c3867ab,"{""v"": 1}","{""v"": 2}",10.0.174.167,473b9a15-9bbd-43f3-8fe1-1b7c696f9387
42,2026-04-30T08:28:35+09:00,SYSTEM,actor-12,ADJUST,returns,a9275827-bc74-4f8d-b6a6-ea6959fdf016,"{""v"": 1}","{""v"": 2}",10.0.212.208,1e815d1b-b987-4dd3-8f17-06e5a35f4668
43,2026-04-20T21:14:35+09:00,USER,actor-6,INSERT,books,2e58dea5-1e8e-4fc5-b809-6c7219c4a5fa,"{""v"": 1}","{""v"": 2}",10.0.34.126,7df6b5f2-f8e7-4269-a345-55e3def2e6d8
44,2026-04-25T18:37:35+09:00,LAMBDA,actor-5,REJECT,pending_orders,25459587-6e23-41e7-b832-9f8a2fb88dc4,"{""v"": 1}","{""v"": 2}",10.0.20.183,0c2bc99d-a96c-471a-bad2-44052572d271
45,2026-05-01T17:37:35+09:00,USER,actor-3,AUTO_ORDER,inventory,b09cfda4-fc98-461f-b664-27c2b5537968,"{""v"": 1}","{""v"": 2}",10.0.5.35,502de652-c288-4291-a373-c00fc1911791
46,2026-04-30T15:11:35+09:00,CRONJOB,actor-11,CANCEL,returns,b6927148-4e9e-4115-8078-acc54264881c,"{""v"": 1}","{""v"": 2}",10.0.174.44,7f544bf8-c372-4785-b7da-72f452a64ac0
47,2026-04-23T14:27:35+09:00,SYSTEM,actor-16,APPROVE,books,38d49a7c-9916-47d7-aa68-e3ae7223bd7d,"{""v"": 1}","{""v"": 2}",10.0.128.205,7967ad80-582d-4c38-b493-d370ed79974f
48,2026-04-22T01:09:35+09:00,LAMBDA,actor-11,ADJUST,pending_orders,01145ed0-f139-4187-a28e-25799dcfd52b,"{""v"": 1}","{""v"": 2}",10.0.238.222,80740691-62ae-4a73-8864-232399f4b877
49,2026-04-23T06:10:35+09:00,USER,actor-16,INSERT,inventory,1ddf0941-39d2-4a3a-a465-844528aa4bbe,"{""v"": 1}","{""v"": 2}",10.0.167.152,6b403b9d-9d34-4ce8-ae3e-89240d0f5e52
50,2026-04-18T19:31:35+09:00,USER,actor-17,UPDATE,books,f481ef10-f3c5-463a-ad68-8cf6f8eea568,"{""v"": 1}","{""v"": 2}",10.0.242.174,45fde2af-214d-4a50-b087-8b18bbb5a880
51,2026-05-01T02:59:35+09:00,LAMBDA,actor-1,CANCEL,books,36dbe9ec-c589-46ea-883c-cf50b7509657,"{""v"": 1}","{""v"": 2}",10.0.113.106,1ee2ee58-1971-42e5-8e31-11accfb07153
52,2026-04-24T10:01:35+09:00,LAMBDA,actor-3,CANCEL,users,eecadda2-2833-4377-b674-1c1c6e68ccba,"{""v"": 1}","{""v"": 2}",10.0.152.183,b332d2c7-c1ab-418a-b825-ce3915b0e9f3
53,2026-05-01T04:08:35+09:00,USER,actor-2,UPDATE,books,5cb212ce-7014-4a11-bf91-d79e2a21b882,"{""v"": 1}","{""v"": 2}",10.0.103.166,b4f0ce04-84a2-4f74-82d2-fdce4f7f122d
54,2026-04-25T18:17:35+09:00,LAMBDA,actor-18,UPDATE,returns,703ed931-0989-4990-a3c3-385ed6289f61,"{""v"": 1}","{""v"": 2}",10.0.12.57,e8cff287-91f2-4bb1-9e23-fd388213f563
55,2026-04-19T12:05:35+09:00,USER,actor-18,UPDATE,inventory,fa46ff33-5804-40d3-b887-d28f20c18e39,"{""v"": 1}","{""v"": 2}",10.0.85.60,0a869478-db92-4ace-9669-7a1f3e225196
56,2026-04-24T07:38:35+09:00,SYSTEM,actor-18,INSERT,inventory,68b0edf8-9bed-4177-95a0-84e94efd0d79,"{""v"": 1}","{""v"": 2}",10.0.131.53,988c0098-5806-4c96-bbc9-beb984fa4ba9
57,2026-04-25T05:16:35+09:00,LAMBDA,actor-19,ADJUST,pending_orders,c8ea159a-209e-404e-a5b6-4bcff5e6d0e4,"{""v"": 1}","{""v"": 2}",10.0.63.24,809f88e3-98ca-4d56-812c-63ece2b7a987
58,2026-04-20T13:01:35+09:00,CRONJOB,actor-14,RESERVE,users,adb10c1d-70b4-49ad-a64a-4c725a39c1be,"{""v"": 1}","{""v"": 2}",10.0.170.235,6c4dc004-1643-4e9c-a12a-75d512889c35
59,2026-04-20T16:38:35+09:00,CRONJOB,actor-10,CANCEL,users,c55e5272-97ba-4e7a-bcfc-52829cbe9ebb,"{""v"": 1}","{""v"": 2}",10.0.35.94,2e0a08fc-4960-4fad-8e2f-5fc050d68cd3
60,2026-04-18T09:35:35+09:00,LAMBDA,actor-9,RESERVE,books,51c7d4af-719f-49a2-a317-0e349c266141,"{""v"": 1}","{""v"": 2}",10.0.246.84,6ebafe1c-cb77-4695-9eb3-ff8a5042660e
61,2026-04-26T18:41:35+09:00,SYSTEM,actor-14,RESERVE,returns,40c87de8-849f-412d-bd1b-bc2e30648e53,"{""v"": 1}","{""v"": 2}",10.0.57.11,6e5bf95f-6eec-48c5-8b1f-87be54bb8b9e
62,2026-04-25T03:58:35+09:00,CRONJOB,actor-20,AUTO_ORDER,inventory,17bdbb24-cc2a-47d1-a5fb-52ac78924a75,"{""v"": 1}","{""v"": 2}",10.0.243.206,60ed9949-9feb-4c06-a7b6-5f36fc78826e
63,2026-04-26T21:58:35+09:00,CRONJOB,actor-16,INSERT,books,0c32c63b-75f9-4a32-bef2-75a7cb766324,"{""v"": 1}","{""v"": 2}",10.0.105.78,fa813387-4889-4ded-aafc-f1d3a30cc28b
64,2026-04-30T22:03:35+09:00,CRONJOB,actor-15,REJECT,users,fdddd0e6-6c41-4fa5-97c0-a7727128f9e8,"{""v"": 1}","{""v"": 2}",10.0.196.164,08e78c77-7fb9-42a5-81cd-479222914c80
65,2026-04-18T06:42:35+09:00,USER,actor-12,INSERT,users,c16dfea0-0fa0-4efe-9051-9a8b99babe88,"{""v"": 1}","{""v"": 2}",10.0.47.164,32ee9b11-19c2-40bd-993d-88c220a8b3da
66,2026-04-23T19:53:35+09:00,CRONJOB,actor-4,APPROVE,inventory,2593c2a3-b838-42af-91b0-c43b2418985d,"{""v"": 1}","{""v"": 2}",10.0.3.141,7c55e3ca-bce6-4343-9e5e-6620af000fa0
67,2026-04-30T13:33:35+09:00,CRONJOB,actor-2,REJECT,inventory,ffa71a0c-b714-47b7-a0d5-800c8419cf94,"{""v"": 1}","{""v"": 2}",10.0.31.170,fe0ba2a2-e4ca-4de4-b81b-0ce69f6e8588
68,2026-04-23T21:43:35+09:00,USER,actor-7,APPROVE,pending_orders,5c56aee0-549c-46cd-85aa-0bf75c32d028,"{""v"": 1}","{""v"": 2}",10.0.112.16,4debd125-a821-4a05-a4e3-7b5e47e969ad
69,2026-04-19T07:00:35+09:00,USER,actor-2,INSERT,users,663ae8e6-f00f-4b3a-aec3-63cdac89911f,"{""v"": 1}","{""v"": 2}",10.0.93.163,267c1f57-244e-4a4d-a0b1-1ee6c17d7377
70,2026-04-22T17:16:35+09:00,CRONJOB,actor-20,APPROVE,returns,86623c54-3959-42e2-b9b6-e40f1b4a45ca,"{""v"": 1}","{""v"": 2}",10.0.5.236,91ef0b22-5e17-481e-9c3e-6727299f4996
71,2026-04-27T14:05:35+09:00,USER,actor-11,ADJUST,inventory,e7dfe796-5ad3-4006-9c51-b97bccdb5608,"{""v"": 1}","{""v"": 2}",10.0.48.2,26dffafc-4c57-4184-8d2f-07fd08cd4539
72,2026-04-24T21:22:35+09:00,LAMBDA,actor-11,CANCEL,pending_orders,97edbdfd-7372-462a-9f0b-e174cf574df0,"{""v"": 1}","{""v"": 2}",10.0.150.22,56cff520-8554-4ed7-94fc-a901e895d1a9
73,2026-04-20T01:29:35+09:00,CRONJOB,actor-14,AUTO_ORDER,pending_orders,216fac5c-41b3-451d-ab86-bb3f3c01420a,"{""v"": 1}","{""v"": 2}",10.0.66.242,9b8a9042-ba79-4434-b53e-555c9ee848fc
74,2026-04-27T18:03:35+09:00,LAMBDA,actor-3,APPROVE,books,754cb04d-687c-4cba-9959-b36d05833909,"{""v"": 1}","{""v"": 2}",10.0.54.12,336e7477-53e7-4a08-bd5b-e0a23ce14962
75,2026-04-28T13:59:35+09:00,LAMBDA,actor-9,APPROVE,users,f005de7f-0d63-4a72-85cf-2e67659e7ada,"{""v"": 1}","{""v"": 2}",10.0.167.18,38df08de-4707-4ae3-b926-6e86723f3cea
76,2026-04-28T19:53:35+09:00,USER,actor-8,REJECT,inventory,b7fa7c05-2605-4437-894c-2e4a18a90482,"{""v"": 1}","{""v"": 2}",10.0.65.153,0693f330-0802-4153-bc58-ff520bf24313
77,2026-04-23T09:24:35+09:00,CRONJOB,actor-13,APPROVE,users,5c7ac5c4-6104-42e1-8b89-b9233fb52e90,"{""v"": 1}","{""v"": 2}",10.0.158.113,c387f1e0-615d-441b-8249-f8c590432e64
78,2026-04-20T11:03:35+09:00,CRONJOB,actor-11,INSERT,inventory,4af0c089-574c-45f8-840e-b192f9a4d482,"{""v"": 1}","{""v"": 2}",10.0.71.191,338cdd4c-3026-439d-bc28-902ebf174e88
79,2026-04-21T18:10:35+09:00,LAMBDA,actor-6,RESERVE,users,fbac8d04-9bbe-40f6-9015-2145d3e98ffb,"{""v"": 1}","{""v"": 2}",10.0.183.56,6098f428-cf0a-430d-81a4-dfea251839b3
80,2026-04-28T22:02:35+09:00,LAMBDA,actor-1,RESERVE,books,b77cc236-cdff-4444-9b9a-4c288308c351,"{""v"": 1}","{""v"": 2}",10.0.153.243,9095e66d-e047-4bc1-8c7f-b78bfb940dd9
81,2026-04-18T03:05:35+09:00,CRONJOB,actor-15,INSERT,inventory,3645fec4-86c8-4e7d-8024-4a7374746932,"{""v"": 1}","{""v"": 2}",10.0.70.216,6c9249a7-6e21-4466-a92d-1bc3f470a63d
82,2026-04-20T00:56:35+09:00,LAMBDA,actor-10,RESERVE,pending_orders,acef9f20-29e2-45c3-aa5c-71e60a610d92,"{""v"": 1}","{""v"": 2}",10.0.137.174,ebf85b06-76d5-4ba8-b67a-5126f01841e4
83,2026-04-29T23:47:35+09:00,CRONJOB,actor-6,UPDATE,books,6b4ad618-728e-47c2-a44d-5c727b93ad9b,"{""v"": 1}","{""v"": 2}",10.0.78.172,e32ed483-215e-434b-b6b9-3e9c2cfe00bb
84,2026-04-22T17:21:35+09:00,SYSTEM,actor-10,RESERVE,users,1a9b9598-7a32-4634-a91f-35fb3bdc1850,"{""v"": 1}","{""v"": 2}",10.0.216.109,eeb6857f-147a-497f-a623-e6d4183c779b
85,2026-04-19T01:44:35+09:00,USER,actor-7,AUTO_ORDER,users,b3ebcef0-c261-4e47-bf3e-bf60a2834b75,"{""v"": 1}","{""v"": 2}",10.0.204.63,8f1f7f67-850b-4672-b055-e300816c436f
86,2026-04-18T11:03:35+09:00,SYSTEM,actor-11,RESERVE,returns,fe46cedb-d977-4657-8039-f43b5fae5f14,"{""v"": 1}","{""v"": 2}",10.0.71.197,44a318cc-ee16-4994-aafc-64c2066a7e37
87,2026-04-27T03:01:35+09:00,LAMBDA,actor-3,ADJUST,users,bc32b885-f847-46c2-b910-99c6fac7cd94,"{""v"": 1}","{""v"": 2}",10.0.225.85,8bf8c15a-78c0-4c0f-b7ea-1ac883eae4ae
88,2026-04-21T20:02:35+09:00,LAMBDA,actor-14,APPROVE,users,3084db67-ff65-4481-96cd-8e955b317940,"{""v"": 1}","{""v"": 2}",10.0.131.127,86bd2033-459c-4a12-a510-a3bc4c7188bb
89,2026-04-22T10:22:35+09:00,SYSTEM,actor-20,AUTO_ORDER,users,968fbe13-08f3-4d91-92be-caadd46db98b,"{""v"": 1}","{""v"": 2}",10.0.63.71,2e37ad5e-989d-413a-86e5-c8e38486ae99
90,2026-04-26T23:32:35+09:00,SYSTEM,actor-9,AUTO_ORDER,returns,e6eb7a3b-7376-460f-841b-fefec4ec9d5f,"{""v"": 1}","{""v"": 2}",10.0.25.233,d85fde7b-dd4d-4414-a3cb-0062f59f16e3
91,2026-04-23T02:43:35+09:00,SYSTEM,actor-11,RESERVE,returns,48cb931d-f395-4c51-b548-3aa4d83ce30c,"{""v"": 1}","{""v"": 2}",10.0.169.5,52f1e9e7-6802-413b-a090-b7382dd7227b
92,2026-04-30T13:34:35+09:00,USER,actor-13,AUTO_ORDER,users,340d7cf5-2e71-4745-a79a-6e1dbe94db36,"{""v"": 1}","{""v"": 2}",10.0.71.115,87eaee61-b5b8-4e25-a88f-0c4729735770
93,2026-04-27T17:03:35+09:00,USER,actor-18,CANCEL,books,ed385a5e-d7f2-451f-843e-495bdad34d48,"{""v"": 1}","{""v"": 2}",10.0.37.148,0907c5f0-85e8-4426-9be3-ebb3d7cac1e5
94,2026-05-01T00:00:35+09:00,CRONJOB,actor-2,APPROVE,books,fec69ded-567d-4784-a7aa-75198e6cf9a6,"{""v"": 1}","{""v"": 2}",10.0.97.226,568b0250-e29f-4295-9bdf-da943052534c
95,2026-04-19T06:54:35+09:00,LAMBDA,actor-12,UPDATE,inventory,1ae840f3-90db-4b54-96b5-015d06579124,"{""v"": 1}","{""v"": 2}",10.0.169.82,084039e1-c35c-4a3f-bb60-1b6f909e4ca0
96,2026-04-26T03:32:35+09:00,CRONJOB,actor-1,CANCEL,books,15496164-0eb9-4d53-bd70-d968ab5734a5,"{""v"": 1}","{""v"": 2}",10.0.89.68,d5763b0c-ec2b-41d4-a5d0-3eaac810b6c0
97,2026-04-29T09:16:35+09:00,SYSTEM,actor-15,CANCEL,inventory,8815e8cd-eab1-4c85-9c40-c1af733ec629,"{""v"": 1}","{""v"": 2}",10.0.201.60,4662a59d-7c76-4024-bfaa-48cb1c5ac8c0
98,2026-04-19T06:02:35+09:00,CRONJOB,actor-18,REJECT,returns,6a9904b5-fa37-4f9d-8660-31cbdad7e800,"{""v"": 1}","{""v"": 2}",10.0.70.30,52874509-cbc6-43d1-92ab-81bbcbe29728
99,2026-04-28T21:05:35+09:00,SYSTEM,actor-9,CANCEL,pending_orders,546b351c-564c-416b-849e-5ce7a3a7afdf,"{""v"": 1}","{""v"": 2}",10.0.42.54,3f4e9c1b-5361-491d-b1f0-80fe4ef450b9
100,2026-04-26T22:32:35+09:00,SYSTEM,actor-19,APPROVE,returns,51b30e33-c801-4cbd-a790-191af929207e,"{""v"": 1}","{""v"": 2}",10.0.20.129,777cb328-b2fb-4e09-ab64-988a1ecac0a8
101,2026-04-20T10:54:35+09:00,LAMBDA,actor-5,RESERVE,users,d3818e23-3d59-4293-bb5b-248d6ebcd528,"{""v"": 1}","{""v"": 2}",10.0.190.102,31e6d67b-55ad-4c91-8950-2e0f1231698c
102,2026-04-29T18:55:35+09:00,SYSTEM,actor-5,UPDATE,returns,056d3cca-dfdf-4fc5-9c0d-cd4f068ac38d,"{""v"": 1}","{""v"": 2}",10.0.130.93,581a3873-d73d-40ea-99a9-4ad65e584c3c
103,2026-04-27T05:17:35+09:00,USER,actor-9,INSERT,inventory,8ca30e2b-a87c-4d5b-89e3-ce4a3c15c10f,"{""v"": 1}","{""v"": 2}",10.0.146.225,f42090f2-749d-4fb2-a91c-7d3e5205790c
104,2026-04-24T03:09:35+09:00,USER,actor-3,UPDATE,returns,69a35fb7-777d-4479-88a9-611403b29859,"{""v"": 1}","{""v"": 2}",10.0.82.27,c0e6c487-5a54-457f-8bca-26c09b1a22d8
105,2026-04-27T01:10:35+09:00,USER,actor-3,INSERT,books,e03be28f-e363-4be0-8f0b-591f0c341b5c,"{""v"": 1}","{""v"": 2}",10.0.244.184,8e2fb3eb-59f5-421d-98e6-c7a0667f5b2a
106,2026-05-01T05:54:35+09:00,LAMBDA,actor-7,REJECT,pending_orders,7478c231-96b4-4e26-862b-8318698a3944,"{""v"": 1}","{""v"": 2}",10.0.224.245,acca5ebd-86c6-4d6b-858e-ceb3d3fc0393
107,2026-04-28T20:21:35+09:00,CRONJOB,actor-1,REJECT,books,d9e5620c-a51c-46e9-a022-dab2ed1b7f3d,"{""v"": 1}","{""v"": 2}",10.0.93.48,17038bb4-646e-45c2-956f-289503ca02da
108,2026-04-19T01:47:35+09:00,SYSTEM,actor-20,CANCEL,books,4453de25-278a-4569-bfbc-51ae769002be,"{""v"": 1}","{""v"": 2}",10.0.26.88,ee496f50-2fb6-4a18-a8da-b81a9f8b37ed
109,2026-04-30T12:38:35+09:00,SYSTEM,actor-16,APPROVE,users,97f310f9-fc29-4f05-8d49-34266d5df304,"{""v"": 1}","{""v"": 2}",10.0.21.185,3c7a8bd0-2143-4f30-8015-a4607f93f4c0
110,2026-04-22T14:10:35+09:00,USER,actor-4,RESERVE,users,d9134644-565b-4728-917f-d81e2414ff5c,"{""v"": 1}","{""v"": 2}",10.0.41.189,a6405c0d-d1f6-4ba7-b0ee-9b301ac10d93
111,2026-04-26T22:02:35+09:00,SYSTEM,actor-10,APPROVE,pending_orders,37a1044d-3e7c-45fe-a73b-54d4be16bd32,"{""v"": 1}","{""v"": 2}",10.0.37.197,7cea971a-5ae3-45cc-bb68-4ad159948920
112,2026-04-30T19:18:35+09:00,LAMBDA,actor-7,CANCEL,returns,25762df7-9286-4cea-89c7-bbd004cefcf6,"{""v"": 1}","{""v"": 2}",10.0.170.24,6c6a71e0-3261-47b6-8562-7dcbe71258b6
113,2026-04-29T10:14:35+09:00,USER,actor-12,UPDATE,returns,125aeba0-9a49-404b-aaa9-6947c022d43c,"{""v"": 1}","{""v"": 2}",10.0.237.213,38d97cbf-ab12-49ab-a0f9-6078489a1afa
114,2026-04-20T13:28:35+09:00,CRONJOB,actor-1,UPDATE,inventory,f999e71e-bebe-43a1-984c-675162887848,"{""v"": 1}","{""v"": 2}",10.0.225.147,3a1265e2-05fb-4aa1-88af-24222d8a130d
115,2026-05-01T12:07:35+09:00,SYSTEM,actor-1,AUTO_ORDER,inventory,35190687-8e4d-4d2e-8959-89ea3f07c5a3,"{""v"": 1}","{""v"": 2}",10.0.190.126,14eb945a-bbd4-4284-b35b-39523fd397c9
116,2026-04-21T03:06:35+09:00,LAMBDA,actor-6,UPDATE,users,b2859b32-f9f9-475c-bb88-c393249f0cea,"{""v"": 1}","{""v"": 2}",10.0.164.121,b3844b0a-9d8a-42fa-a9e4-62f3b12e2596
117,2026-04-30T16:28:35+09:00,USER,actor-17,CANCEL,returns,d60f3be1-37ab-4c27-94d9-5bd143f7b727,"{""v"": 1}","{""v"": 2}",10.0.142.136,a9173285-9aff-463a-a323-efc25e5da0b1
118,2026-04-30T15:22:35+09:00,CRONJOB,actor-19,APPROVE,returns,41cd703b-70ef-45cf-ad1c-b392add25adb,"{""v"": 1}","{""v"": 2}",10.0.101.170,42782edf-ee14-4c3f-859d-7609dee5bdb6
119,2026-04-28T07:53:35+09:00,LAMBDA,actor-5,AUTO_ORDER,returns,0aca0af5-5079-4397-bcdc-8f8e8c1a432d,"{""v"": 1}","{""v"": 2}",10.0.136.158,be1ac17f-3602-4093-94d2-611360445b90
120,2026-04-24T11:03:35+09:00,USER,actor-2,RESERVE,inventory,538f1a49-14a9-4a6e-a5fc-2605bf5658b0,"{""v"": 1}","{""v"": 2}",10.0.186.184,ac11ae0a-7958-4add-a5a6-a9be628ac32f
121,2026-04-24T18:51:35+09:00,LAMBDA,actor-11,ADJUST,users,965df586-9298-4867-842f-9274909495f5,"{""v"": 1}","{""v"": 2}",10.0.72.69,1fa0d7b3-267b-44b1-90b0-af624ac54017
122,2026-04-20T09:18:35+09:00,CRONJOB,actor-1,CANCEL,inventory,0ea212d2-50de-490a-a3a6-39834f72f08c,"{""v"": 1}","{""v"": 2}",10.0.19.138,7cad123e-67a7-4fd8-8da7-fc883c9845e7
123,2026-04-24T22:01:35+09:00,LAMBDA,actor-7,CANCEL,users,3312acab-8762-448f-9115-cee70c9a5838,"{""v"": 1}","{""v"": 2}",10.0.204.58,20a9af0d-c411-413b-a733-2c1fc3bfbf0b
124,2026-04-19T14:47:35+09:00,CRONJOB,actor-8,REJECT,returns,5c5c42df-bb3d-44d9-9ca3-86aad41d021f,"{""v"": 1}","{""v"": 2}",10.0.216.23,1c831c11-7f2c-45e2-85af-5f3ed0d38391
125,2026-04-19T18:13:35+09:00,SYSTEM,actor-14,APPROVE,returns,690b76db-abcb-4dd7-8447-a995e0f64230,"{""v"": 1}","{""v"": 2}",10.0.205.61,4df22988-6225-454e-a150-c1c68a7a1faf
126,2026-04-22T21:27:35+09:00,CRONJOB,actor-1,REJECT,inventory,4bb7f16f-f2be-4e1a-a58b-2cb89ac004ce,"{""v"": 1}","{""v"": 2}",10.0.56.206,ef9006bf-8857-42d0-8956-3358efda0ab8
127,2026-04-23T03:23:35+09:00,USER,actor-7,REJECT,inventory,6015ada5-fe28-4366-a172-a437cf4d012e,"{""v"": 1}","{""v"": 2}",10.0.148.37,e9ef9e73-84e0-4c95-86f6-d2d7ff581064
128,2026-04-23T05:36:35+09:00,USER,actor-13,RESERVE,inventory,ac7d7ea0-5140-4c07-ba70-53848795f2ad,"{""v"": 1}","{""v"": 2}",10.0.36.179,85e7efb0-d8e5-480e-870d-244b565bf895
129,2026-04-25T05:26:35+09:00,USER,actor-19,INSERT,books,3b6e8325-57b2-48f8-8763-55015fd9f73c,"{""v"": 1}","{""v"": 2}",10.0.199.27,687b9a7a-569d-4033-aa19-789e80930c92
130,2026-04-26T08:00:35+09:00,LAMBDA,actor-11,RESERVE,inventory,95901925-4386-4031-a077-e185d25e7565,"{""v"": 1}","{""v"": 2}",10.0.182.237,b9867be7-8d89-4874-b32e-9001b3e4c75c
131,2026-04-25T12:11:35+09:00,SYSTEM,actor-19,ADJUST,users,c119149a-609f-45e6-bd62-c1bfabbfd7cb,"{""v"": 1}","{""v"": 2}",10.0.46.202,c36cced0-5f12-4ffe-abde-18e62a7ccd88
132,2026-04-22T01:47:35+09:00,USER,actor-2,INSERT,users,40b2f5cc-7968-43ad-bcf9-111827354f61,"{""v"": 1}","{""v"": 2}",10.0.137.53,ddbaf103-606d-409f-8efc-5a76fb0924c3
133,2026-04-24T05:10:35+09:00,CRONJOB,actor-20,RESERVE,pending_orders,43162fec-da9d-4146-9e8a-57d34a9f2e5a,"{""v"": 1}","{""v"": 2}",10.0.130.154,c80fbdeb-29a6-419d-8496-4407145614dc
134,2026-05-01T14:06:35+09:00,LAMBDA,actor-18,INSERT,pending_orders,fe939fe5-fc52-4eee-ac88-3c9f62941880,"{""v"": 1}","{""v"": 2}",10.0.135.50,d175aa86-a697-44a1-b671-086ebe76fb00
135,2026-05-01T14:24:35+09:00,CRONJOB,actor-8,RESERVE,users,b2545d49-e662-4aee-8b8a-4e8e1dba59df,"{""v"": 1}","{""v"": 2}",10.0.117.95,2d6cca07-fc6a-47fc-b048-d4a6ebfe0fa5
136,2026-05-01T08:27:35+09:00,USER,actor-17,AUTO_ORDER,inventory,b3651ade-dcd7-4661-b69e-e93f9d92bf60,"{""v"": 1}","{""v"": 2}",10.0.83.90,1dd7d0bd-8a0b-4b4d-9794-519a95ef4868
137,2026-04-30T17:27:35+09:00,SYSTEM,actor-7,INSERT,users,9e20945e-f580-49c7-8852-96a802966512,"{""v"": 1}","{""v"": 2}",10.0.174.194,a1f07dc3-e9f3-4791-a6e2-b6273e81b5e6
138,2026-04-17T23:31:35+09:00,LAMBDA,actor-19,INSERT,inventory,7e1a07a8-5a22-42f1-bf95-ae3b17504cc4,"{""v"": 1}","{""v"": 2}",10.0.202.195,73c2c22a-8c7b-479a-93fc-cbfea1a40bd4
139,2026-04-30T15:35:35+09:00,CRONJOB,actor-8,UPDATE,inventory,742904e1-df8c-4990-9144-878e0d2b8afd,"{""v"": 1}","{""v"": 2}",10.0.72.7,c9fa79b2-2567-437c-90bc-0d25a95f18a1
140,2026-04-18T03:05:35+09:00,LAMBDA,actor-17,APPROVE,users,6b8197b5-96ca-446c-bfd4-0ebf0c48b42d,"{""v"": 1}","{""v"": 2}",10.0.230.225,a39b2557-840a-4b84-999b-eaed548d77d3
141,2026-04-25T05:06:35+09:00,CRONJOB,actor-17,UPDATE,returns,03d6ca4f-bbb5-4bf7-a8a0-2589ba5bae5c,"{""v"": 1}","{""v"": 2}",10.0.57.43,b7479148-a988-4f91-beb9-c3788be0f33e
142,2026-04-24T23:44:35+09:00,USER,actor-4,INSERT,inventory,9e3e7b0b-fe64-4ef9-ad57-2c8cc304b73d,"{""v"": 1}","{""v"": 2}",10.0.237.219,2f5cfec5-5e1f-4346-8025-ddd14ef5a09d
143,2026-04-30T22:45:35+09:00,LAMBDA,actor-18,AUTO_ORDER,users,6eabf044-0ce5-4894-8de0-bf7b308eab50,"{""v"": 1}","{""v"": 2}",10.0.40.84,5bd30798-88f0-4b52-9593-e397467182b2
144,2026-04-21T07:07:35+09:00,USER,actor-14,ADJUST,users,c6f426c5-6db2-457f-861e-d483097305cb,"{""v"": 1}","{""v"": 2}",10.0.218.52,978390c4-d7f8-4670-a0db-c8beaaf2f595
145,2026-04-24T05:25:35+09:00,LAMBDA,actor-8,AUTO_ORDER,books,caca8b0e-229a-41d9-8b88-7198fd4918a3,"{""v"": 1}","{""v"": 2}",10.0.164.152,eb5e57a7-c2eb-4cd4-8d64-bc8437ab2425
146,2026-04-22T03:44:35+09:00,SYSTEM,actor-10,AUTO_ORDER,pending_orders,db163ea4-f0a5-49a5-b291-520d153dc041,"{""v"": 1}","{""v"": 2}",10.0.223.40,1df71456-77fa-47bd-b0d4-aecba437b29f
147,2026-04-21T01:58:35+09:00,CRONJOB,actor-4,RESERVE,users,ec5e772c-efd7-4bf7-b793-81d212ed639e,"{""v"": 1}","{""v"": 2}",10.0.66.107,601da4ef-0da0-48ef-a771-8c637131ffc6
148,2026-04-29T02:26:35+09:00,USER,actor-13,UPDATE,users,9a2b65cf-cce3-45b7-b8b0-9cd2eeee7e95,"{""v"": 1}","{""v"": 2}",10.0.15.59,151f2a21-0997-4809-a04d-f230701ae5f8
149,2026-04-30T17:34:35+09:00,USER,actor-13,APPROVE,books,cb63ea4e-2f21-442c-920f-a19586130159,"{""v"": 1}","{""v"": 2}",10.0.189.72,abfe0bb6-5aac-4e42-b0a3-144ce95a5205
150,2026-04-23T22:09:35+09:00,CRONJOB,actor-20,CANCEL,returns,eada6b5b-b702-46a8-b5b6-7755025879cf,"{""v"": 1}","{""v"": 2}",10.0.152.29,6681e210-6bb0-472d-92ff-32231a591bbd
151,2026-04-28T23:26:35+09:00,USER,actor-19,AUTO_ORDER,books,6997aeb8-759c-4cd0-b944-fca94efef3cd,"{""v"": 1}","{""v"": 2}",10.0.27.62,be68d392-fd97-449e-885d-d67fa906782b
152,2026-04-23T07:39:35+09:00,LAMBDA,actor-8,AUTO_ORDER,users,3a62b198-55d9-4eb3-b3cf-cbb6ec99d57e,"{""v"": 1}","{""v"": 2}",10.0.119.38,96421a3a-efa5-4534-a325-f7554056616c
153,2026-04-18T14:09:35+09:00,LAMBDA,actor-13,AUTO_ORDER,pending_orders,5e8ee10a-6fae-4b4b-bd3f-4b9b37e47fd4,"{""v"": 1}","{""v"": 2}",10.0.154.28,35a6643e-2c9a-4337-8a94-61a54a692c11
154,2026-04-27T18:25:35+09:00,CRONJOB,actor-8,RESERVE,books,bbac21e4-d797-43ed-a054-75b1e8ed32ec,"{""v"": 1}","{""v"": 2}",10.0.240.48,2dcb24ed-5735-4cae-846e-1b1882ab6424
155,2026-04-19T13:35:35+09:00,SYSTEM,actor-17,INSERT,returns,6b413469-cb1c-4bf0-8885-c230ca088ffb,"{""v"": 1}","{""v"": 2}",10.0.33.248,24a5084b-fdea-4898-a668-7b394dab2836
156,2026-04-24T19:45:35+09:00,LAMBDA,actor-18,APPROVE,users,61231261-c53e-4654-8433-99db6080ab4f,"{""v"": 1}","{""v"": 2}",10.0.251.132,37125c15-2472-4b95-aeab-d2ce6bd8d76e
157,2026-04-19T08:54:35+09:00,USER,actor-6,RESERVE,pending_orders,f0e4de27-4461-489f-a762-b16c2c4d65d7,"{""v"": 1}","{""v"": 2}",10.0.209.127,967ac645-7705-4829-a731-f077c42249ab
158,2026-04-19T04:33:35+09:00,USER,actor-6,REJECT,inventory,34eec635-5c22-4fac-9e5c-da66dd5be2cd,"{""v"": 1}","{""v"": 2}",10.0.187.70,496627a3-1e35-44d1-9a63-352d361289ec
159,2026-04-21T06:13:35+09:00,CRONJOB,actor-17,APPROVE,pending_orders,e4bfe360-597e-4df6-b516-8a39e89a6c73,"{""v"": 1}","{""v"": 2}",10.0.127.252,c747cf74-e096-456a-8b33-3fd5a8b1db63
160,2026-04-23T17:31:35+09:00,USER,actor-6,REJECT,pending_orders,410ba6e5-7a0f-499a-8329-316bf2fa3b75,"{""v"": 1}","{""v"": 2}",10.0.211.195,e61ac66c-d08a-437a-86d5-fd3cfc837d81
161,2026-04-25T03:20:35+09:00,CRONJOB,actor-4,UPDATE,books,b2249aa1-55fe-41e6-9e9b-50546142e4de,"{""v"": 1}","{""v"": 2}",10.0.9.200,d751ff70-6164-4ff9-8559-ba05b720cfff
162,2026-04-28T10:24:35+09:00,USER,actor-7,INSERT,returns,7b8999ba-2639-4f17-88e0-bd78e68abbef,"{""v"": 1}","{""v"": 2}",10.0.81.136,a56f10b4-c4ed-49f2-96ea-c5a381487d13
163,2026-04-30T01:52:35+09:00,LAMBDA,actor-20,APPROVE,users,eac3ecb4-b88c-4bb9-ac40-488491cc0c74,"{""v"": 1}","{""v"": 2}",10.0.179.255,37adabdd-2782-4d81-90a0-2cc494d6ac27
164,2026-04-19T22:58:35+09:00,LAMBDA,actor-4,RESERVE,inventory,15d50872-d486-442c-96a4-c3c2193425aa,"{""v"": 1}","{""v"": 2}",10.0.196.135,44b2951b-ae44-42d5-a501-9b646311f1b2
165,2026-04-30T03:38:35+09:00,LAMBDA,actor-6,ADJUST,inventory,b68eb36f-45ea-4776-ab7c-162f864384a4,"{""v"": 1}","{""v"": 2}",10.0.164.76,ca11dcea-d904-49a7-8bf2-03a6c0c07fcf
166,2026-04-26T03:35:35+09:00,CRONJOB,actor-11,APPROVE,users,bc6dca07-facf-46cb-ad31-358787e765f0,"{""v"": 1}","{""v"": 2}",10.0.14.15,3c232421-d011-40eb-8c5f-d3821c888617
167,2026-04-28T18:35:35+09:00,SYSTEM,actor-4,RESERVE,books,9fe644c4-f324-4ff5-b70b-53e290456013,"{""v"": 1}","{""v"": 2}",10.0.81.185,abf81291-1adc-4e54-ac93-ac021a5cbabc
168,2026-04-26T22:19:35+09:00,SYSTEM,actor-12,INSERT,inventory,208ac2f1-a003-4531-b1e7-19c41afca709,"{""v"": 1}","{""v"": 2}",10.0.129.76,3d7ead25-6272-4ead-a0b7-34543f010740
169,2026-04-26T11:34:35+09:00,LAMBDA,actor-11,APPROVE,books,46447544-8f5d-4131-ba52-c9e9650abfa9,"{""v"": 1}","{""v"": 2}",10.0.91.154,f22e6a5a-73a5-4500-b748-21ffc6ba56fa
170,2026-04-21T06:29:35+09:00,LAMBDA,actor-7,REJECT,inventory,71d8b181-e02e-4e3d-ab1c-09bff99582d9,"{""v"": 1}","{""v"": 2}",10.0.239.230,4370bdaf-926d-4d1c-8a68-c5d97e8ba56a
171,2026-04-20T02:38:35+09:00,CRONJOB,actor-13,CANCEL,books,98901402-f79f-45d5-a034-6969faf2886d,"{""v"": 1}","{""v"": 2}",10.0.79.185,76c81c86-b5fd-46f6-97b5-5140f5285596
172,2026-04-21T03:21:35+09:00,LAMBDA,actor-16,REJECT,users,44c43a7b-d14f-4f3e-8689-8152b6dd1820,"{""v"": 1}","{""v"": 2}",10.0.4.109,d57c642c-b59d-45fc-836b-7372993f4fbb
173,2026-04-28T16:12:35+09:00,CRONJOB,actor-20,REJECT,users,7711062c-3151-4616-a74f-ba1da44cef02,"{""v"": 1}","{""v"": 2}",10.0.116.82,9b3757e4-57fc-4df1-b013-1166103e50af
174,2026-04-19T16:31:35+09:00,USER,actor-16,RESERVE,users,7c9d1077-40e6-4be7-acc9-2bcce6413736,"{""v"": 1}","{""v"": 2}",10.0.146.10,1bf6aea4-8ae6-40c2-bddc-b4142469c8c2
175,2026-04-25T18:37:35+09:00,LAMBDA,actor-6,REJECT,users,a5dec1d7-f260-43fc-a4f8-24d0141c1794,"{""v"": 1}","{""v"": 2}",10.0.108.95,1f5d79a5-4197-4ebe-8e53-5c0268b06e81
176,2026-05-01T11:22:35+09:00,USER,actor-19,ADJUST,books,765638f4-bebd-406a-a99e-570f4c1f272f,"{""v"": 1}","{""v"": 2}",10.0.173.191,04998eb2-3750-49f0-8513-44fc81eb3355
177,2026-04-18T23:07:35+09:00,CRONJOB,actor-15,ADJUST,inventory,222a686a-a0ce-4a5e-97ae-4b343ff82149,"{""v"": 1}","{""v"": 2}",10.0.252.102,a051d0b0-b63c-4f82-8f1c-f10648f8d931
178,2026-04-30T14:41:35+09:00,CRONJOB,actor-6,UPDATE,users,2805dbed-7b32-4f67-b861-712a059adfed,"{""v"": 1}","{""v"": 2}",10.0.5.69,5ac9d689-585b-4519-a691-19d959948cd2
179,2026-04-29T20:17:35+09:00,LAMBDA,actor-1,AUTO_ORDER,inventory,f3ea6dee-0482-4af5-9ff1-e00bc8725a1f,"{""v"": 1}","{""v"": 2}",10.0.138.195,33db684c-9b30-4bc7-9bf0-8f6777761974
180,2026-04-29T21:47:35+09:00,SYSTEM,actor-1,REJECT,users,2fae93e3-9e28-4719-9bc8-7aad420e2ae4,"{""v"": 1}","{""v"": 2}",10.0.47.136,e9e057fb-d9ec-42c0-b47d-87e298d1a931
181,2026-04-26T22:43:35+09:00,SYSTEM,actor-6,ADJUST,users,265d6b3e-d0d8-4a89-8253-ba8290047d7e,"{""v"": 1}","{""v"": 2}",10.0.170.84,45eff759-23c9-429f-804b-f853ac397a8b
182,2026-04-24T10:52:35+09:00,SYSTEM,actor-8,ADJUST,inventory,7d8b05ee-ac1e-4c7a-b3e8-8863c4e29fe9,"{""v"": 1}","{""v"": 2}",10.0.253.126,e494fad8-08d6-4ffb-b68d-7c4b87d0efa6
183,2026-04-28T03:26:35+09:00,LAMBDA,actor-2,AUTO_ORDER,books,e5bf715c-dc5d-4fcf-ac91-81975b326f3e,"{""v"": 1}","{""v"": 2}",10.0.125.103,446137d7-2adb-47ee-9b71-f0b65238e7d6
184,2026-04-30T03:17:35+09:00,LAMBDA,actor-17,RESERVE,books,5f450aae-2829-40ed-9520-71661b01513b,"{""v"": 1}","{""v"": 2}",10.0.171.173,134e7d67-5b30-4dd1-9ce0-a17aa9459a68
185,2026-04-18T15:59:35+09:00,USER,actor-8,UPDATE,returns,5fbf3750-4ec5-4a97-936a-9cb7908046a4,"{""v"": 1}","{""v"": 2}",10.0.184.186,4c1e7c0c-39da-4247-9e6b-7507322c6db5
186,2026-04-21T22:10:35+09:00,CRONJOB,actor-5,AUTO_ORDER,books,4bcac935-6a32-43cc-8fba-f0f178d87764,"{""v"": 1}","{""v"": 2}",10.0.61.234,25009286-a321-4af0-a395-c361125d0a72
187,2026-04-21T22:59:35+09:00,USER,actor-3,RESERVE,books,86e38d61-0043-4c37-a95a-60eb0b0d94ab,"{""v"": 1}","{""v"": 2}",10.0.43.132,1541fb39-fc0b-4c81-b5f3-7eef637d8e04
188,2026-04-17T20:26:35+09:00,USER,actor-20,APPROVE,returns,3c13137c-fb10-4d9a-b4cd-ca6dc97a095b,"{""v"": 1}","{""v"": 2}",10.0.130.30,2861500d-7704-45c9-8e82-4c80679cc6dc
189,2026-04-23T09:42:35+09:00,LAMBDA,actor-17,APPROVE,returns,3e6edcb4-f0a0-4576-aea4-6a0f7c9bbb19,"{""v"": 1}","{""v"": 2}",10.0.177.124,214c4ac5-5d19-4ba5-a75d-c0b9ed4fd50c
190,2026-04-25T01:13:35+09:00,USER,actor-3,CANCEL,pending_orders,ceb646f0-4e1a-4466-94a8-87fada85f5e5,"{""v"": 1}","{""v"": 2}",10.0.222.67,f742153f-505d-4b7a-8859-17206e42ea89
191,2026-04-19T05:47:35+09:00,LAMBDA,actor-9,CANCEL,pending_orders,37a0e1e1-a80f-4dc9-9f46-2919016e5ea0,"{""v"": 1}","{""v"": 2}",10.0.108.216,a46c33ae-340a-4846-b110-65fe44f723fc
192,2026-04-27T10:50:35+09:00,SYSTEM,actor-10,REJECT,pending_orders,b17139fe-57cc-4ec0-8539-2888a2e422ee,"{""v"": 1}","{""v"": 2}",10.0.204.177,7f05cdbd-c7b8-4eee-8b7c-555f0ca53403
193,2026-04-18T02:38:35+09:00,LAMBDA,actor-14,REJECT,pending_orders,a8407ab1-1218-42c4-915b-14251e1bb497,"{""v"": 1}","{""v"": 2}",10.0.162.124,72764e79-a1bc-4f02-9365-3f305b9e6844
194,2026-04-20T20:23:35+09:00,SYSTEM,actor-12,REJECT,users,7644e82b-4d42-4692-9525-bc1fab5595c5,"{""v"": 1}","{""v"": 2}",10.0.162.250,19e9fd47-d1b2-4c37-b519-196a36000dcb
195,2026-04-20T03:10:35+09:00,CRONJOB,actor-13,REJECT,inventory,183ac1b0-c55c-47e5-bc2f-e48080226f88,"{""v"": 1}","{""v"": 2}",10.0.252.242,53f9b4a9-4e61-4ead-8a27-bd5b1cf45122
196,2026-04-18T04:22:35+09:00,CRONJOB,actor-6,APPROVE,inventory,05a46ca6-531a-4dc6-814d-55121356e6ea,"{""v"": 1}","{""v"": 2}",10.0.165.187,5512091f-8dc1-4873-91ee-ce4b2f7fdbfc
197,2026-04-25T06:59:35+09:00,SYSTEM,actor-4,APPROVE,inventory,a7d8e550-73cf-4c60-bcc3-9d2e71e237f6,"{""v"": 1}","{""v"": 2}",10.0.54.33,d8f67bd7-e575-41fa-9605-d015e370c133
198,2026-04-27T18:33:35+09:00,USER,actor-14,ADJUST,users,30804f18-6a18-436c-b98f-5a0b6c7e549a,"{""v"": 1}","{""v"": 2}",10.0.255.147,b8782e0f-9e6c-4d83-b8e2-5dc9c53cb6cb
199,2026-05-01T02:17:35+09:00,SYSTEM,actor-14,APPROVE,inventory,08e809ef-dad0-4785-a8d1-c3ee9d735bce,"{""v"": 1}","{""v"": 2}",10.0.142.34,5aed639e-36a2-43bc-8b3f-3812160e4323
200,2026-04-21T20:17:35+09:00,USER,actor-13,ADJUST,users,b86745d7-eccf-4a29-ac6d-ece92cf8f131,"{""v"": 1}","{""v"": 2}",10.0.6.82,03cfaaac-8843-4b54-b92c-043bd75a8999
